{
  "textures": [
    {
      "image": "textures1.png",
      "frames": [
        {
          "filename": "back",
          "trimmed": true,
          "rotated": false,
          "frame": {
            "x": 2,
            "y": 24,
            "w": 601,
            "h": 542
          },
          "spriteSourceSize": {
            "x": 0,
            "y": 0,
            "w": 601,
            "h": 542
          },
          "sourceSize": {
            "w": 601,
            "h": 542
          }
        },
        {
          "filename": "box",
          "trimmed": true,
          "rotated": false,
          "frame": {
            "x": 941,
            "y": 890,
            "w": 53,
            "h": 54
          },
          "spriteSourceSize": {
            "x": 0,
            "y": 0,
            "w": 53,
            "h": 54
          },
          "sourceSize": {
            "w": 53,
            "h": 54
          }
        },
        {
          "filename": "animation experiment x2_death_0",
          "trimmed": true,
          "rotated": false,
          "frame": {
            "x": 931,
            "y": 734,
            "w": 34,
            "h": 76
          },
          "spriteSourceSize": {
            "x": 46,
            "y": 22,
            "w": 34,
            "h": 76
          },
          "sourceSize": {
            "w": 128,
            "h": 128
          }
        },
        {
          "filename": "animation experiment x2_idle_0",
          "trimmed": true,
          "rotated": false,
          "frame": {
            "x": 931,
            "y": 734,
            "w": 34,
            "h": 76
          },
          "spriteSourceSize": {
            "x": 46,
            "y": 22,
            "w": 34,
            "h": 76
          },
          "sourceSize": {
            "w": 128,
            "h": 128
          }
        },
        {
          "filename": "animation experiment x2_death_1",
          "trimmed": true,
          "rotated": false,
          "frame": {
            "x": 605,
            "y": 78,
            "w": 34,
            "h": 80
          },
          "spriteSourceSize": {
            "x": 46,
            "y": 18,
            "w": 34,
            "h": 80
          },
          "sourceSize": {
            "w": 128,
            "h": 128
          }
        },
        {
          "filename": "animation experiment x2_death_2",
          "trimmed": true,
          "rotated": false,
          "frame": {
            "x": 605,
            "y": 240,
            "w": 42,
            "h": 82
          },
          "spriteSourceSize": {
            "x": 42,
            "y": 14,
            "w": 42,
            "h": 82
          },
          "sourceSize": {
            "w": 128,
            "h": 128
          }
        },
        {
          "filename": "animation experiment x2_death_3",
          "trimmed": true,
          "rotated": false,
          "frame": {
            "x": 649,
            "y": 256,
            "w": 22,
            "h": 66
          },
          "spriteSourceSize": {
            "x": 50,
            "y": 8,
            "w": 22,
            "h": 66
          },
          "sourceSize": {
            "w": 128,
            "h": 128
          }
        },
        {
          "filename": "animation experiment x2_death_4",
          "trimmed": true,
          "rotated": false,
          "frame": {
            "x": 673,
            "y": 262,
            "w": 30,
            "h": 64
          },
          "spriteSourceSize": {
            "x": 46,
            "y": 18,
            "w": 30,
            "h": 64
          },
          "sourceSize": {
            "w": 128,
            "h": 128
          }
        },
        {
          "filename": "animation experiment x2_death_5",
          "trimmed": true,
          "rotated": false,
          "frame": {
            "x": 705,
            "y": 278,
            "w": 52,
            "h": 56
          },
          "spriteSourceSize": {
            "x": 36,
            "y": 42,
            "w": 52,
            "h": 56
          },
          "sourceSize": {
            "w": 128,
            "h": 128
          }
        },
        {
          "filename": "animation experiment x2_death_6",
          "trimmed": true,
          "rotated": false,
          "frame": {
            "x": 705,
            "y": 238,
            "w": 52,
            "h": 38
          },
          "spriteSourceSize": {
            "x": 36,
            "y": 60,
            "w": 52,
            "h": 38
          },
          "sourceSize": {
            "w": 128,
            "h": 128
          }
        },
        {
          "filename": "animation experiment x2_death_7",
          "trimmed": true,
          "rotated": false,
          "frame": {
            "x": 811,
            "y": 550,
            "w": 38,
            "h": 38
          },
          "spriteSourceSize": {
            "x": 44,
            "y": 60,
            "w": 38,
            "h": 38
          },
          "sourceSize": {
            "w": 128,
            "h": 128
          }
        },
        {
          "filename": "animation experiment x2_idle_1",
          "trimmed": true,
          "rotated": false,
          "frame": {
            "x": 971,
            "y": 810,
            "w": 34,
            "h": 78
          },
          "spriteSourceSize": {
            "x": 46,
            "y": 20,
            "w": 34,
            "h": 78
          },
          "sourceSize": {
            "w": 128,
            "h": 128
          }
        },
        {
          "filename": "animation experiment x2_idle_2",
          "trimmed": true,
          "rotated": false,
          "frame": {
            "x": 967,
            "y": 730,
            "w": 34,
            "h": 78
          },
          "spriteSourceSize": {
            "x": 46,
            "y": 20,
            "w": 34,
            "h": 78
          },
          "sourceSize": {
            "w": 128,
            "h": 128
          }
        },
        {
          "filename": "animation experiment x2_idle_3",
          "trimmed": true,
          "rotated": false,
          "frame": {
            "x": 931,
            "y": 812,
            "w": 38,
            "h": 76
          },
          "spriteSourceSize": {
            "x": 44,
            "y": 22,
            "w": 38,
            "h": 76
          },
          "sourceSize": {
            "w": 128,
            "h": 128
          }
        },
        {
          "filename": "animation experiment x2_idle_4",
          "trimmed": true,
          "rotated": false,
          "frame": {
            "x": 967,
            "y": 654,
            "w": 34,
            "h": 74
          },
          "spriteSourceSize": {
            "x": 46,
            "y": 24,
            "w": 34,
            "h": 74
          },
          "sourceSize": {
            "w": 128,
            "h": 128
          }
        },
        {
          "filename": "animation experiment x2_idle_5",
          "trimmed": true,
          "rotated": false,
          "frame": {
            "x": 657,
            "y": 328,
            "w": 34,
            "h": 76
          },
          "spriteSourceSize": {
            "x": 46,
            "y": 22,
            "w": 34,
            "h": 76
          },
          "sourceSize": {
            "w": 128,
            "h": 128
          }
        },
        {
          "filename": "animation experiment x2_jump_0",
          "trimmed": true,
          "rotated": false,
          "frame": {
            "x": 747,
            "y": 496,
            "w": 56,
            "h": 70
          },
          "spriteSourceSize": {
            "x": 30,
            "y": 28,
            "w": 56,
            "h": 70
          },
          "sourceSize": {
            "w": 128,
            "h": 128
          }
        },
        {
          "filename": "animation experiment x2_jump_1",
          "trimmed": true,
          "rotated": false,
          "frame": {
            "x": 605,
            "y": 406,
            "w": 64,
            "h": 78
          },
          "spriteSourceSize": {
            "x": 26,
            "y": 18,
            "w": 64,
            "h": 78
          },
          "sourceSize": {
            "w": 128,
            "h": 128
          }
        },
        {
          "filename": "animation experiment x2_jump_2",
          "trimmed": true,
          "rotated": false,
          "frame": {
            "x": 941,
            "y": 946,
            "w": 68,
            "h": 76
          },
          "spriteSourceSize": {
            "x": 26,
            "y": 12,
            "w": 68,
            "h": 76
          },
          "sourceSize": {
            "w": 128,
            "h": 128
          }
        },
        {
          "filename": "animation experiment x2_jump_3",
          "trimmed": true,
          "rotated": false,
          "frame": {
            "x": 871,
            "y": 660,
            "w": 48,
            "h": 72
          },
          "spriteSourceSize": {
            "x": 38,
            "y": 4,
            "w": 48,
            "h": 72
          },
          "sourceSize": {
            "w": 128,
            "h": 128
          }
        },
        {
          "filename": "animation experiment x2_jump_4",
          "trimmed": true,
          "rotated": false,
          "frame": {
            "x": 605,
            "y": 324,
            "w": 50,
            "h": 80
          },
          "spriteSourceSize": {
            "x": 36,
            "y": 2,
            "w": 50,
            "h": 80
          },
          "sourceSize": {
            "w": 128,
            "h": 128
          }
        },
        {
          "filename": "animation experiment x2_jump_5",
          "trimmed": true,
          "rotated": false,
          "frame": {
            "x": 879,
            "y": 808,
            "w": 50,
            "h": 84
          },
          "spriteSourceSize": {
            "x": 36,
            "y": 8,
            "w": 50,
            "h": 84
          },
          "sourceSize": {
            "w": 128,
            "h": 128
          }
        },
        {
          "filename": "animation experiment x2_run_0",
          "trimmed": true,
          "rotated": false,
          "frame": {
            "x": 921,
            "y": 662,
            "w": 44,
            "h": 70
          },
          "spriteSourceSize": {
            "x": 38,
            "y": 28,
            "w": 44,
            "h": 70
          },
          "sourceSize": {
            "w": 128,
            "h": 128
          }
        },
        {
          "filename": "animation experiment x2_run_1",
          "trimmed": true,
          "rotated": false,
          "frame": {
            "x": 863,
            "y": 586,
            "w": 48,
            "h": 72
          },
          "spriteSourceSize": {
            "x": 34,
            "y": 26,
            "w": 48,
            "h": 72
          },
          "sourceSize": {
            "w": 128,
            "h": 128
          }
        },
        {
          "filename": "animation experiment x2_run_2",
          "trimmed": true,
          "rotated": false,
          "frame": {
            "x": 879,
            "y": 734,
            "w": 50,
            "h": 72
          },
          "spriteSourceSize": {
            "x": 40,
            "y": 26,
            "w": 50,
            "h": 72
          },
          "sourceSize": {
            "w": 128,
            "h": 128
          }
        },
        {
          "filename": "animation experiment x2_run_3",
          "trimmed": true,
          "rotated": false,
          "frame": {
            "x": 605,
            "y": 2,
            "w": 42,
            "h": 74
          },
          "spriteSourceSize": {
            "x": 42,
            "y": 24,
            "w": 42,
            "h": 74
          },
          "sourceSize": {
            "w": 128,
            "h": 128
          }
        },
        {
          "filename": "animation experiment x2_run_4",
          "trimmed": true,
          "rotated": false,
          "frame": {
            "x": 605,
            "y": 160,
            "w": 40,
            "h": 78
          },
          "spriteSourceSize": {
            "x": 48,
            "y": 20,
            "w": 40,
            "h": 78
          },
          "sourceSize": {
            "w": 128,
            "h": 128
          }
        },
        {
          "filename": "animation experiment x2_run_5",
          "trimmed": true,
          "rotated": false,
          "frame": {
            "x": 811,
            "y": 590,
            "w": 50,
            "h": 72
          },
          "spriteSourceSize": {
            "x": 40,
            "y": 26,
            "w": 50,
            "h": 72
          },
          "sourceSize": {
            "w": 128,
            "h": 128
          }
        },
        {
          "filename": "animation experiment x2_run_6",
          "trimmed": true,
          "rotated": false,
          "frame": {
            "x": 811,
            "y": 664,
            "w": 58,
            "h": 68
          },
          "spriteSourceSize": {
            "x": 44,
            "y": 30,
            "w": 58,
            "h": 68
          },
          "sourceSize": {
            "w": 128,
            "h": 128
          }
        },
        {
          "filename": "animation experiment x2_run_7",
          "trimmed": true,
          "rotated": false,
          "frame": {
            "x": 693,
            "y": 336,
            "w": 42,
            "h": 70
          },
          "spriteSourceSize": {
            "x": 52,
            "y": 28,
            "w": 42,
            "h": 70
          },
          "sourceSize": {
            "w": 128,
            "h": 128
          }
        },
        {
          "filename": "animation experiment x2_slash_0",
          "trimmed": true,
          "rotated": false,
          "frame": {
            "x": 605,
            "y": 486,
            "w": 74,
            "h": 80
          },
          "spriteSourceSize": {
            "x": 12,
            "y": 18,
            "w": 74,
            "h": 80
          },
          "sourceSize": {
            "w": 128,
            "h": 128
          }
        },
        {
          "filename": "animation experiment x2_slash_1",
          "trimmed": true,
          "rotated": false,
          "frame": {
            "x": 811,
            "y": 808,
            "w": 66,
            "h": 84
          },
          "spriteSourceSize": {
            "x": 48,
            "y": 14,
            "w": 66,
            "h": 84
          },
          "sourceSize": {
            "w": 128,
            "h": 128
          }
        },
        {
          "filename": "animation experiment x2_slash_2",
          "trimmed": true,
          "rotated": false,
          "frame": {
            "x": 681,
            "y": 488,
            "w": 64,
            "h": 78
          },
          "spriteSourceSize": {
            "x": 46,
            "y": 20,
            "w": 64,
            "h": 78
          },
          "sourceSize": {
            "w": 128,
            "h": 128
          }
        },
        {
          "filename": "animation experiment x2_slash_3",
          "trimmed": true,
          "rotated": false,
          "frame": {
            "x": 811,
            "y": 734,
            "w": 66,
            "h": 72
          },
          "spriteSourceSize": {
            "x": 20,
            "y": 26,
            "w": 66,
            "h": 72
          },
          "sourceSize": {
            "w": 128,
            "h": 128
          }
        },
        {
          "filename": "animation experiment x2_slash_4",
          "trimmed": true,
          "rotated": false,
          "frame": {
            "x": 671,
            "y": 408,
            "w": 34,
            "h": 76
          },
          "spriteSourceSize": {
            "x": 46,
            "y": 22,
            "w": 34,
            "h": 76
          },
          "sourceSize": {
            "w": 128,
            "h": 128
          }
        },
        {
          "filename": "animation experiment x2_slash_5",
          "trimmed": true,
          "rotated": false,
          "frame": {
            "x": 707,
            "y": 410,
            "w": 34,
            "h": 76
          },
          "spriteSourceSize": {
            "x": 46,
            "y": 22,
            "w": 34,
            "h": 76
          },
          "sourceSize": {
            "w": 128,
            "h": 128
          }
        },
        {
          "filename": "cool-background",
          "trimmed": true,
          "rotated": false,
          "frame": {
            "x": 2,
            "y": 568,
            "w": 807,
            "h": 454
          },
          "spriteSourceSize": {
            "x": 0,
            "y": 0,
            "w": 807,
            "h": 454
          },
          "sourceSize": {
            "w": 807,
            "h": 454
          }
        },
        {
          "filename": "sand",
          "trimmed": true,
          "rotated": false,
          "frame": {
            "x": 811,
            "y": 894,
            "w": 128,
            "h": 128
          },
          "spriteSourceSize": {
            "x": 0,
            "y": 0,
            "w": 128,
            "h": 128
          },
          "sourceSize": {
            "w": 128,
            "h": 128
          }
        }
      ]
    },
    {
      "image": "textures2.png",
      "frames": [{
        "filename": "Pad_3_3",
        "trimmed": true,
        "rotated": false,
        "frame": {
          "x": 2,
          "y": 2,
          "w": 418,
          "h": 113
        },
        "spriteSourceSize": {
          "x": 0,
          "y": 0,
          "w": 418,
          "h": 113
        },
        "sourceSize": {
          "w": 418,
          "h": 113
        }
      }]
    }
  ],
  "meta": {
    "app": "Phaser Editor - Atlas Generator",
    "version": "2"
  }
}